dataset,profile_id,day,season,algorithm,run,cost,runtime_s
real_pv,2025-01-14_rep00,2025-01-14,winter,GA (P=50),0,33.75115314606823,0.154860258102417
real_pv,2025-01-14_rep00,2025-01-14,winter,GA (P=50),1,32.43712418054498,0.15315890312194824
real_pv,2025-01-14_rep00,2025-01-14,winter,GA (P=100),0,33.493526981513284,0.29988598823547363
real_pv,2025-01-14_rep00,2025-01-14,winter,GA (P=100),1,32.79674728194993,0.2984325885772705
real_pv,2025-01-14_rep00,2025-01-14,winter,PSO,0,37.29392079959935,0.10693931579589844
real_pv,2025-01-14_rep00,2025-01-14,winter,PSO,1,35.38834761696702,0.10544419288635254
real_pv,2025-01-14_rep00,2025-01-14,winter,GWO,0,33.529101491794556,0.23544621467590332
real_pv,2025-01-14_rep00,2025-01-14,winter,GWO,1,32.61180339218448,0.22938060760498047
real_pv,2025-01-14_rep00,2025-01-14,winter,Hybrid,0,34.55553472891643,0.1257925033569336
real_pv,2025-01-14_rep00,2025-01-14,winter,Hybrid,1,36.05808992348809,0.12670469284057617
real_pv,2025-01-22_rep00,2025-01-22,winter,GA (P=50),0,42.9454514479726,0.14863967895507812
real_pv,2025-01-22_rep00,2025-01-22,winter,GA (P=50),1,41.35983071023954,0.14910650253295898
real_pv,2025-01-22_rep00,2025-01-22,winter,GA (P=100),0,42.01276305697167,0.2916259765625
real_pv,2025-01-22_rep00,2025-01-22,winter,GA (P=100),1,41.705055540831154,0.25972557067871094
real_pv,2025-01-22_rep00,2025-01-22,winter,PSO,0,43.85115679795348,0.08244633674621582
real_pv,2025-01-22_rep00,2025-01-22,winter,PSO,1,42.068191700105686,0.07949709892272949
real_pv,2025-01-22_rep00,2025-01-22,winter,GWO,0,42.40530705643985,0.1640625
real_pv,2025-01-22_rep00,2025-01-22,winter,GWO,1,40.87336907811915,0.15263080596923828
real_pv,2025-01-22_rep00,2025-01-22,winter,Hybrid,0,43.92561204256722,0.07737302780151367
real_pv,2025-01-22_rep00,2025-01-22,winter,Hybrid,1,45.096212263855996,0.07470059394836426
real_pv,2025-03-17_rep00,2025-03-17,cloudy,GA (P=50),0,13.310114408601224,0.08721446990966797
real_pv,2025-03-17_rep00,2025-03-17,cloudy,GA (P=50),1,12.649527954542707,0.08314681053161621
real_pv,2025-03-17_rep00,2025-03-17,cloudy,GA (P=100),0,13.451549505033034,0.16124510765075684
real_pv,2025-03-17_rep00,2025-03-17,cloudy,GA (P=100),1,13.474560939463416,0.15996313095092773
real_pv,2025-03-17_rep00,2025-03-17,cloudy,PSO,0,16.488627404187856,0.056703805923461914
real_pv,2025-03-17_rep00,2025-03-17,cloudy,PSO,1,17.412001399970947,0.05749177932739258
real_pv,2025-03-17_rep00,2025-03-17,cloudy,GWO,0,14.579266633766155,0.12285304069519043
real_pv,2025-03-17_rep00,2025-03-17,cloudy,GWO,1,13.04861358250747,0.12249088287353516
real_pv,2025-03-17_rep00,2025-03-17,cloudy,Hybrid,0,14.76876438400987,0.06883621215820312
real_pv,2025-03-17_rep00,2025-03-17,cloudy,Hybrid,1,16.32008985464141,0.06940746307373047
real_pv,2025-03-19_rep00,2025-03-19,cloudy,GA (P=50),0,11.719942139687939,0.08327937126159668
real_pv,2025-03-19_rep00,2025-03-19,cloudy,GA (P=50),1,12.283511770453401,0.08329510688781738
real_pv,2025-03-19_rep00,2025-03-19,cloudy,GA (P=100),0,11.6123887607878,0.1644885540008545
real_pv,2025-03-19_rep00,2025-03-19,cloudy,GA (P=100),1,12.70111619275411,0.1638174057006836
real_pv,2025-03-19_rep00,2025-03-19,cloudy,PSO,0,18.787458599488712,0.05773591995239258
real_pv,2025-03-19_rep00,2025-03-19,cloudy,PSO,1,19.150679212425807,0.05802726745605469
real_pv,2025-03-19_rep00,2025-03-19,cloudy,GWO,0,12.68813658538702,0.1258852481842041
real_pv,2025-03-19_rep00,2025-03-19,cloudy,GWO,1,14.570805934559125,0.12585759162902832
real_pv,2025-03-19_rep00,2025-03-19,cloudy,Hybrid,0,16.5630691097535,0.06948399543762207
real_pv,2025-03-19_rep00,2025-03-19,cloudy,Hybrid,1,13.317091343803282,0.06976771354675293
real_pv,2025-05-23_rep00,2025-05-23,cloudy,GA (P=50),0,13.496262069286777,0.08263421058654785
real_pv,2025-05-23_rep00,2025-05-23,cloudy,GA (P=50),1,13.882849069119063,0.08348846435546875
real_pv,2025-05-23_rep00,2025-05-23,cloudy,GA (P=100),0,12.794681236174496,0.16367650032043457
real_pv,2025-05-23_rep00,2025-05-23,cloudy,GA (P=100),1,12.605056964836445,0.16363096237182617
real_pv,2025-05-23_rep00,2025-05-23,cloudy,PSO,0,14.890338245329918,0.05924582481384277
real_pv,2025-05-23_rep00,2025-05-23,cloudy,PSO,1,17.013600968677068,0.05928754806518555
real_pv,2025-05-23_rep00,2025-05-23,cloudy,GWO,0,13.67297962167385,0.12041473388671875
real_pv,2025-05-23_rep00,2025-05-23,cloudy,GWO,1,13.83953826859114,0.12238454818725586
real_pv,2025-05-23_rep00,2025-05-23,cloudy,Hybrid,0,15.13082919204678,0.0682373046875
real_pv,2025-05-23_rep00,2025-05-23,cloudy,Hybrid,1,16.31060853121417,0.06904315948486328
real_pv,2025-05-30_rep00,2025-05-30,cloudy,GA (P=50),0,3.6507750690503884,0.08680343627929688
real_pv,2025-05-30_rep00,2025-05-30,cloudy,GA (P=50),1,2.806295558666791,0.08774757385253906
real_pv,2025-05-30_rep00,2025-05-30,cloudy,GA (P=100),0,2.8085320959706364,0.1651909351348877
real_pv,2025-05-30_rep00,2025-05-30,cloudy,GA (P=100),1,2.673205601738616,0.16557836532592773
real_pv,2025-05-30_rep00,2025-05-30,cloudy,PSO,0,5.555211848673517,0.05863618850708008
real_pv,2025-05-30_rep00,2025-05-30,cloudy,PSO,1,5.107758785245024,0.057537078857421875
real_pv,2025-05-30_rep00,2025-05-30,cloudy,GWO,0,2.9666988149996323,0.12538862228393555
real_pv,2025-05-30_rep00,2025-05-30,cloudy,GWO,1,3.557301301192514,0.12568306922912598
real_pv,2025-05-30_rep00,2025-05-30,cloudy,Hybrid,0,3.195122334920739,0.06939816474914551
real_pv,2025-05-30_rep00,2025-05-30,cloudy,Hybrid,1,4.896571774785668,0.06952786445617676
real_pv,2025-06-12_rep00,2025-06-12,summer,GA (P=50),0,0.97318771393388,0.08433318138122559
real_pv,2025-06-12_rep00,2025-06-12,summer,GA (P=50),1,0.9642890116719629,0.08450555801391602
real_pv,2025-06-12_rep00,2025-06-12,summer,GA (P=100),0,0.4421181955775063,0.16719675064086914
real_pv,2025-06-12_rep00,2025-06-12,summer,GA (P=100),1,0.24921465215171423,0.16708064079284668
real_pv,2025-06-12_rep00,2025-06-12,summer,PSO,0,5.341519232704734,0.05945849418640137
real_pv,2025-06-12_rep00,2025-06-12,summer,PSO,1,3.5945175014953015,0.05959796905517578
real_pv,2025-06-12_rep00,2025-06-12,summer,GWO,0,1.8816465912315206,0.1267833709716797
real_pv,2025-06-12_rep00,2025-06-12,summer,GWO,1,2.2088374856384663,0.12638616561889648
real_pv,2025-06-12_rep00,2025-06-12,summer,Hybrid,0,3.9015696297865254,0.07078218460083008
real_pv,2025-06-12_rep00,2025-06-12,summer,Hybrid,1,2.073997289275196,0.07063508033752441
real_pv,2025-06-28_rep00,2025-06-28,summer,GA (P=50),0,1.4984729011337707,0.08437180519104004
real_pv,2025-06-28_rep00,2025-06-28,summer,GA (P=50),1,1.0120472112800967,0.08469867706298828
real_pv,2025-06-28_rep00,2025-06-28,summer,GA (P=100),0,0.8174245790232283,0.1678171157836914
real_pv,2025-06-28_rep00,2025-06-28,summer,GA (P=100),1,0.6955211832597945,0.16829419136047363
real_pv,2025-06-28_rep00,2025-06-28,summer,PSO,0,2.5029074552340087,0.0595855712890625
real_pv,2025-06-28_rep00,2025-06-28,summer,PSO,1,3.826075455605216,0.058746337890625
real_pv,2025-06-28_rep00,2025-06-28,summer,GWO,0,1.6280705582663848,0.1266472339630127
real_pv,2025-06-28_rep00,2025-06-28,summer,GWO,1,1.5091516611219256,0.126603364944458
real_pv,2025-06-28_rep00,2025-06-28,summer,Hybrid,0,3.557429970649312,0.07057738304138184
real_pv,2025-06-28_rep00,2025-06-28,summer,Hybrid,1,2.0376082521294654,0.07015228271484375
real_pv,2025-08-01_rep00,2025-08-01,summer,GA (P=50),0,2.3972468174129613,0.08424878120422363
real_pv,2025-08-01_rep00,2025-08-01,summer,GA (P=50),1,1.9872972885700948,0.08405303955078125
real_pv,2025-08-01_rep00,2025-08-01,summer,GA (P=100),0,0.7998919404087433,0.16797637939453125
real_pv,2025-08-01_rep00,2025-08-01,summer,GA (P=100),1,1.2147050629992446,0.1678621768951416
real_pv,2025-08-01_rep00,2025-08-01,summer,PSO,0,7.025090479309115,0.058315277099609375
real_pv,2025-08-01_rep00,2025-08-01,summer,PSO,1,5.331584814944641,0.05837225914001465
real_pv,2025-08-01_rep00,2025-08-01,summer,GWO,0,3.5242168693614273,0.12638425827026367
real_pv,2025-08-01_rep00,2025-08-01,summer,GWO,1,1.8364329421407082,0.12683391571044922
real_pv,2025-08-01_rep00,2025-08-01,summer,Hybrid,0,5.076544442806207,0.07026553153991699
real_pv,2025-08-01_rep00,2025-08-01,summer,Hybrid,1,2.8451703215123256,0.07078409194946289
real_pv,2025-08-22_rep00,2025-08-22,summer,GA (P=50),0,6.619589065444431,0.0840451717376709
real_pv,2025-08-22_rep00,2025-08-22,summer,GA (P=50),1,6.462384028827057,0.08391594886779785
real_pv,2025-08-22_rep00,2025-08-22,summer,GA (P=100),0,6.0933192655932995,0.16625285148620605
real_pv,2025-08-22_rep00,2025-08-22,summer,GA (P=100),1,6.4941966691280335,0.16574907302856445
real_pv,2025-08-22_rep00,2025-08-22,summer,PSO,0,9.296965181035786,0.058872222900390625
real_pv,2025-08-22_rep00,2025-08-22,summer,PSO,1,11.255780649308468,0.05885124206542969
real_pv,2025-08-22_rep00,2025-08-22,summer,GWO,0,7.23797668307075,0.12540388107299805
real_pv,2025-08-22_rep00,2025-08-22,summer,GWO,1,6.5283967712823685,0.12627148628234863
real_pv,2025-08-22_rep00,2025-08-22,summer,Hybrid,0,7.1248560891966815,0.07145404815673828
real_pv,2025-08-22_rep00,2025-08-22,summer,Hybrid,1,8.540310155517515,0.07071924209594727
real_pv,2025-09-01_rep00,2025-09-01,cloudy,GA (P=50),0,7.33699181565361,0.08465313911437988
real_pv,2025-09-01_rep00,2025-09-01,cloudy,GA (P=50),1,7.655772700960982,0.08445286750793457
real_pv,2025-09-01_rep00,2025-09-01,cloudy,GA (P=100),0,7.547630927530418,0.1673133373260498
real_pv,2025-09-01_rep00,2025-09-01,cloudy,GA (P=100),1,7.2319843489543345,0.16716647148132324
real_pv,2025-09-01_rep00,2025-09-01,cloudy,PSO,0,11.511698468960754,0.05766701698303223
real_pv,2025-09-01_rep00,2025-09-01,cloudy,PSO,1,13.393632783988455,0.05875802040100098
real_pv,2025-09-01_rep00,2025-09-01,cloudy,GWO,0,8.154717536268272,0.12648558616638184
real_pv,2025-09-01_rep00,2025-09-01,cloudy,GWO,1,7.944310821275064,0.12659692764282227
real_pv,2025-09-01_rep00,2025-09-01,cloudy,Hybrid,0,7.853118570067182,0.07311153411865234
real_pv,2025-09-01_rep00,2025-09-01,cloudy,Hybrid,1,10.296618801802522,0.07571887969970703
real_pv,2025-09-25_rep00,2025-09-25,cloudy,GA (P=50),0,12.825568147844471,0.08577919006347656
real_pv,2025-09-25_rep00,2025-09-25,cloudy,GA (P=50),1,13.263832498634427,0.0834953784942627
real_pv,2025-09-25_rep00,2025-09-25,cloudy,GA (P=100),0,12.391202787625156,0.1628861427307129
real_pv,2025-09-25_rep00,2025-09-25,cloudy,GA (P=100),1,12.413601647724889,0.16271662712097168
real_pv,2025-09-25_rep00,2025-09-25,cloudy,PSO,0,14.667946306051773,0.058545827865600586
real_pv,2025-09-25_rep00,2025-09-25,cloudy,PSO,1,15.638487332048753,0.05836033821105957
real_pv,2025-09-25_rep00,2025-09-25,cloudy,GWO,0,13.704833129188106,0.12488222122192383
real_pv,2025-09-25_rep00,2025-09-25,cloudy,GWO,1,13.67058722459936,0.12459087371826172
real_pv,2025-09-25_rep00,2025-09-25,cloudy,Hybrid,0,13.448731187298687,0.06960654258728027
real_pv,2025-09-25_rep00,2025-09-25,cloudy,Hybrid,1,15.361833165728084,0.06963300704956055
real_pv,2025-11-02_rep00,2025-11-02,cloudy,GA (P=50),0,10.244303638704128,0.08289313316345215
real_pv,2025-11-02_rep00,2025-11-02,cloudy,GA (P=50),1,10.652159317788104,0.08257913589477539
real_pv,2025-11-02_rep00,2025-11-02,cloudy,GA (P=100),0,10.319018496977849,0.1627492904663086
real_pv,2025-11-02_rep00,2025-11-02,cloudy,GA (P=100),1,10.726420230446996,0.16421151161193848
real_pv,2025-11-02_rep00,2025-11-02,cloudy,PSO,0,12.4756235511584,0.05878305435180664
real_pv,2025-11-02_rep00,2025-11-02,cloudy,PSO,1,13.498127402828455,0.05714273452758789
real_pv,2025-11-02_rep00,2025-11-02,cloudy,GWO,0,10.814732595957903,0.12503480911254883
real_pv,2025-11-02_rep00,2025-11-02,cloudy,GWO,1,11.073817282410232,0.1253218650817871
real_pv,2025-11-02_rep00,2025-11-02,cloudy,Hybrid,0,12.376655814718644,0.07013249397277832
real_pv,2025-11-02_rep00,2025-11-02,cloudy,Hybrid,1,10.81797568253716,0.06967902183532715
real_pv,2025-11-30_rep00,2025-11-30,cloudy,GA (P=50),0,18.988006092029686,0.08266043663024902
real_pv,2025-11-30_rep00,2025-11-30,cloudy,GA (P=50),1,18.89008178701944,0.08355975151062012
real_pv,2025-11-30_rep00,2025-11-30,cloudy,GA (P=100),0,18.68707340608392,0.16444778442382812
real_pv,2025-11-30_rep00,2025-11-30,cloudy,GA (P=100),1,18.787757637744892,0.16366815567016602
real_pv,2025-11-30_rep00,2025-11-30,cloudy,PSO,0,19.160634297185023,0.05746746063232422
real_pv,2025-11-30_rep00,2025-11-30,cloudy,PSO,1,21.162505232133988,0.057920217514038086
real_pv,2025-11-30_rep00,2025-11-30,cloudy,GWO,0,18.43054252539022,0.12552785873413086
real_pv,2025-11-30_rep00,2025-11-30,cloudy,GWO,1,18.723853082852752,0.12594246864318848
real_pv,2025-11-30_rep00,2025-11-30,cloudy,Hybrid,0,19.558976624695067,0.06992053985595703
real_pv,2025-11-30_rep00,2025-11-30,cloudy,Hybrid,1,19.38286005871691,0.06947445869445801
real_pv,2025-12-24_rep00,2025-12-24,winter,GA (P=50),0,23.908195199967054,0.08266401290893555
real_pv,2025-12-24_rep00,2025-12-24,winter,GA (P=50),1,23.541903975073865,0.08262872695922852
real_pv,2025-12-24_rep00,2025-12-24,winter,GA (P=100),0,23.61579343318571,0.1643526554107666
real_pv,2025-12-24_rep00,2025-12-24,winter,GA (P=100),1,23.789525065541223,0.1630265712738037
real_pv,2025-12-24_rep00,2025-12-24,winter,PSO,0,25.877975040210355,0.05790543556213379
real_pv,2025-12-24_rep00,2025-12-24,winter,PSO,1,23.650169077284946,0.05798220634460449
real_pv,2025-12-24_rep00,2025-12-24,winter,GWO,0,23.148394176342375,0.12491822242736816
real_pv,2025-12-24_rep00,2025-12-24,winter,GWO,1,22.7441348317042,0.12532782554626465
real_pv,2025-12-24_rep00,2025-12-24,winter,Hybrid,0,23.93661008790689,0.06877660751342773
real_pv,2025-12-24_rep00,2025-12-24,winter,Hybrid,1,23.39838273545906,0.06931900978088379
real_pv,2025-12-27_rep00,2025-12-27,winter,GA (P=50),0,20.605571765841432,0.08296394348144531
real_pv,2025-12-27_rep00,2025-12-27,winter,GA (P=50),1,20.745841032668736,0.08283376693725586
real_pv,2025-12-27_rep00,2025-12-27,winter,GA (P=100),0,20.693562964122055,0.163679838180542
real_pv,2025-12-27_rep00,2025-12-27,winter,GA (P=100),1,20.34384300745654,0.16257524490356445
real_pv,2025-12-27_rep00,2025-12-27,winter,PSO,0,21.269531199492985,0.05782580375671387
real_pv,2025-12-27_rep00,2025-12-27,winter,PSO,1,21.031981000955067,0.05851459503173828
real_pv,2025-12-27_rep00,2025-12-27,winter,GWO,0,21.106969528176215,0.12544631958007812
real_pv,2025-12-27_rep00,2025-12-27,winter,GWO,1,21.048421911417197,0.12598824501037598
real_pv,2025-12-27_rep00,2025-12-27,winter,Hybrid,0,20.662704709452445,0.0695197582244873
real_pv,2025-12-27_rep00,2025-12-27,winter,Hybrid,1,21.455994870641653,0.07212519645690918
synthetic,2025-01-14_rep00,2025-01-14,winter,GA (P=50),0,24.92595086831376,0.08376646041870117
synthetic,2025-01-14_rep00,2025-01-14,winter,GA (P=50),1,25.106808018638198,0.08370018005371094
synthetic,2025-01-14_rep00,2025-01-14,winter,GA (P=100),0,23.873775540645166,0.16418051719665527
synthetic,2025-01-14_rep00,2025-01-14,winter,GA (P=100),1,24.09490042368605,0.16473078727722168
synthetic,2025-01-14_rep00,2025-01-14,winter,PSO,0,28.97364112761582,0.057825565338134766
synthetic,2025-01-14_rep00,2025-01-14,winter,PSO,1,27.46936100222377,0.0576024055480957
synthetic,2025-01-14_rep00,2025-01-14,winter,GWO,0,25.686027176444515,0.12637686729431152
synthetic,2025-01-14_rep00,2025-01-14,winter,GWO,1,25.517520755748567,0.12698841094970703
synthetic,2025-01-14_rep00,2025-01-14,winter,Hybrid,0,26.58119697406836,0.07025694847106934
synthetic,2025-01-14_rep00,2025-01-14,winter,Hybrid,1,27.399245223425787,0.07035517692565918
synthetic,2025-01-22_rep00,2025-01-22,winter,GA (P=50),0,29.436316557293445,0.0833289623260498
synthetic,2025-01-22_rep00,2025-01-22,winter,GA (P=50),1,28.66160091058981,0.08390164375305176
synthetic,2025-01-22_rep00,2025-01-22,winter,GA (P=100),0,28.87039665319942,0.16399598121643066
synthetic,2025-01-22_rep00,2025-01-22,winter,GA (P=100),1,29.18358558111084,0.1634964942932129
synthetic,2025-01-22_rep00,2025-01-22,winter,PSO,0,30.05017407108573,0.05783820152282715
synthetic,2025-01-22_rep00,2025-01-22,winter,PSO,1,31.62294374388417,0.05777096748352051
synthetic,2025-01-22_rep00,2025-01-22,winter,GWO,0,32.36745586999849,0.12562847137451172
synthetic,2025-01-22_rep00,2025-01-22,winter,GWO,1,30.313956964852498,0.1264512538909912
synthetic,2025-01-22_rep00,2025-01-22,winter,Hybrid,0,31.67722243716001,0.0697176456451416
synthetic,2025-01-22_rep00,2025-01-22,winter,Hybrid,1,30.4340862768349,0.07041072845458984
synthetic,2025-03-17_rep00,2025-03-17,cloudy,GA (P=50),0,6.865606066396544,0.08474087715148926
synthetic,2025-03-17_rep00,2025-03-17,cloudy,GA (P=50),1,5.9193040165461595,0.08452987670898438
synthetic,2025-03-17_rep00,2025-03-17,cloudy,GA (P=100),0,6.187404306117033,0.16571569442749023
synthetic,2025-03-17_rep00,2025-03-17,cloudy,GA (P=100),1,5.880907905593611,0.16640830039978027
synthetic,2025-03-17_rep00,2025-03-17,cloudy,PSO,0,9.859162572465427,0.05915427207946777
synthetic,2025-03-17_rep00,2025-03-17,cloudy,PSO,1,10.973854145210815,0.05811619758605957
synthetic,2025-03-17_rep00,2025-03-17,cloudy,GWO,0,7.019706573213343,0.12752413749694824
synthetic,2025-03-17_rep00,2025-03-17,cloudy,GWO,1,7.652569837121055,0.12768268585205078
synthetic,2025-03-17_rep00,2025-03-17,cloudy,Hybrid,0,9.296944176016547,0.07007932662963867
synthetic,2025-03-17_rep00,2025-03-17,cloudy,Hybrid,1,12.136036661774195,0.07048821449279785
synthetic,2025-03-19_rep00,2025-03-19,cloudy,GA (P=50),0,13.294840798386224,0.08403563499450684
synthetic,2025-03-19_rep00,2025-03-19,cloudy,GA (P=50),1,12.297001375840726,0.08505725860595703
synthetic,2025-03-19_rep00,2025-03-19,cloudy,GA (P=100),0,12.58548072868012,0.16739535331726074
synthetic,2025-03-19_rep00,2025-03-19,cloudy,GA (P=100),1,12.26525084436911,0.16732120513916016
synthetic,2025-03-19_rep00,2025-03-19,cloudy,PSO,0,16.39363606927339,0.05850625038146973
synthetic,2025-03-19_rep00,2025-03-19,cloudy,PSO,1,18.27419297972618,0.058576345443725586
synthetic,2025-03-19_rep00,2025-03-19,cloudy,GWO,0,17.45111321121668,0.12687444686889648
synthetic,2025-03-19_rep00,2025-03-19,cloudy,GWO,1,13.427924385163681,0.1275489330291748
synthetic,2025-03-19_rep00,2025-03-19,cloudy,Hybrid,0,14.766416199670067,0.07040095329284668
synthetic,2025-03-19_rep00,2025-03-19,cloudy,Hybrid,1,16.285285231486455,0.07084012031555176
synthetic,2025-05-23_rep00,2025-05-23,cloudy,GA (P=50),0,7.244533062220945,0.08462333679199219
synthetic,2025-05-23_rep00,2025-05-23,cloudy,GA (P=50),1,7.962277219246688,0.08513617515563965
synthetic,2025-05-23_rep00,2025-05-23,cloudy,GA (P=100),0,7.587067966995814,0.1654365062713623
synthetic,2025-05-23_rep00,2025-05-23,cloudy,GA (P=100),1,8.305633340665281,0.16678214073181152
synthetic,2025-05-23_rep00,2025-05-23,cloudy,PSO,0,12.49974869488437,0.059206485748291016
synthetic,2025-05-23_rep00,2025-05-23,cloudy,PSO,1,10.426267893638546,0.0585787296295166
synthetic,2025-05-23_rep00,2025-05-23,cloudy,GWO,0,8.439576139135506,0.12805509567260742
synthetic,2025-05-23_rep00,2025-05-23,cloudy,GWO,1,9.493367207998231,0.12754273414611816
synthetic,2025-05-23_rep00,2025-05-23,cloudy,Hybrid,0,11.55002214100072,0.0708916187286377
synthetic,2025-05-23_rep00,2025-05-23,cloudy,Hybrid,1,9.996894040793249,0.07057619094848633
synthetic,2025-05-30_rep00,2025-05-30,cloudy,GA (P=50),0,6.811747290860127,0.0848543643951416
synthetic,2025-05-30_rep00,2025-05-30,cloudy,GA (P=50),1,6.944801564231346,0.08479166030883789
synthetic,2025-05-30_rep00,2025-05-30,cloudy,GA (P=100),0,6.331318976252236,0.16710567474365234
synthetic,2025-05-30_rep00,2025-05-30,cloudy,GA (P=100),1,6.146064592170365,0.16663002967834473
synthetic,2025-05-30_rep00,2025-05-30,cloudy,PSO,0,8.50225713418167,0.058730125427246094
synthetic,2025-05-30_rep00,2025-05-30,cloudy,PSO,1,7.580254194083864,0.05857992172241211
synthetic,2025-05-30_rep00,2025-05-30,cloudy,GWO,0,7.1892436799351715,0.12722349166870117
synthetic,2025-05-30_rep00,2025-05-30,cloudy,GWO,1,7.364217777548051,0.12776756286621094
synthetic,2025-05-30_rep00,2025-05-30,cloudy,Hybrid,0,9.284121371836902,0.07109832763671875
synthetic,2025-05-30_rep00,2025-05-30,cloudy,Hybrid,1,7.266458319766997,0.07082366943359375
synthetic,2025-06-12_rep00,2025-06-12,summer,GA (P=50),0,6.984468496975002,0.0846705436706543
synthetic,2025-06-12_rep00,2025-06-12,summer,GA (P=50),1,6.5328852921290705,0.084564208984375
synthetic,2025-06-12_rep00,2025-06-12,summer,GA (P=100),0,6.137817797476281,0.16749858856201172
synthetic,2025-06-12_rep00,2025-06-12,summer,GA (P=100),1,6.0554229529857455,0.16657400131225586
synthetic,2025-06-12_rep00,2025-06-12,summer,PSO,0,9.758859177935362,0.058927059173583984
synthetic,2025-06-12_rep00,2025-06-12,summer,PSO,1,9.608520184731326,0.05862021446228027
synthetic,2025-06-12_rep00,2025-06-12,summer,GWO,0,6.837573952423897,0.1279292106628418
synthetic,2025-06-12_rep00,2025-06-12,summer,GWO,1,6.7789123225003,0.1281740665435791
synthetic,2025-06-12_rep00,2025-06-12,summer,Hybrid,0,8.360555160941768,0.07111501693725586
synthetic,2025-06-12_rep00,2025-06-12,summer,Hybrid,1,9.153954664686422,0.0705270767211914
synthetic,2025-06-28_rep00,2025-06-28,summer,GA (P=50),0,5.413222005353034,0.08513569831848145
synthetic,2025-06-28_rep00,2025-06-28,summer,GA (P=50),1,5.232367098310932,0.08473491668701172
synthetic,2025-06-28_rep00,2025-06-28,summer,GA (P=100),0,5.43569436226115,0.1671156883239746
synthetic,2025-06-28_rep00,2025-06-28,summer,GA (P=100),1,5.462347145077162,0.1674339771270752
synthetic,2025-06-28_rep00,2025-06-28,summer,PSO,0,7.324300785837568,0.05971646308898926
synthetic,2025-06-28_rep00,2025-06-28,summer,PSO,1,8.363434096861722,0.059638261795043945
synthetic,2025-06-28_rep00,2025-06-28,summer,GWO,0,5.886763980162041,0.1293199062347412
synthetic,2025-06-28_rep00,2025-06-28,summer,GWO,1,6.288118837547833,0.1272432804107666
synthetic,2025-06-28_rep00,2025-06-28,summer,Hybrid,0,6.853607512482783,0.07067012786865234
synthetic,2025-06-28_rep00,2025-06-28,summer,Hybrid,1,6.769516413877739,0.07081317901611328
synthetic,2025-08-01_rep00,2025-08-01,summer,GA (P=50),0,5.987195199315254,0.08505511283874512
synthetic,2025-08-01_rep00,2025-08-01,summer,GA (P=50),1,6.151440813791821,0.0805354118347168
synthetic,2025-08-01_rep00,2025-08-01,summer,GA (P=100),0,5.546997103044183,0.16332006454467773
synthetic,2025-08-01_rep00,2025-08-01,summer,GA (P=100),1,5.867277041441934,0.1702585220336914
synthetic,2025-08-01_rep00,2025-08-01,summer,PSO,0,9.886172556656536,0.05913233757019043
synthetic,2025-08-01_rep00,2025-08-01,summer,PSO,1,8.855318646537627,0.05921483039855957
synthetic,2025-08-01_rep00,2025-08-01,summer,GWO,0,5.703057217950481,0.12741684913635254
synthetic,2025-08-01_rep00,2025-08-01,summer,GWO,1,6.847184437521031,0.12755250930786133
synthetic,2025-08-01_rep00,2025-08-01,summer,Hybrid,0,7.413267266655284,0.07119035720825195
synthetic,2025-08-01_rep00,2025-08-01,summer,Hybrid,1,8.943592311718328,0.0704338550567627
synthetic,2025-08-22_rep00,2025-08-22,summer,GA (P=50),0,4.481115292512347,0.0858616828918457
synthetic,2025-08-22_rep00,2025-08-22,summer,GA (P=50),1,4.372659416589381,0.08513689041137695
synthetic,2025-08-22_rep00,2025-08-22,summer,GA (P=100),0,4.547067381221202,0.16613006591796875
synthetic,2025-08-22_rep00,2025-08-22,summer,GA (P=100),1,4.033786641120499,0.16671323776245117
synthetic,2025-08-22_rep00,2025-08-22,summer,PSO,0,6.156180213638301,0.05891227722167969
synthetic,2025-08-22_rep00,2025-08-22,summer,PSO,1,5.708554392001874,0.05857586860656738
synthetic,2025-08-22_rep00,2025-08-22,summer,GWO,0,5.275281941292637,0.12854480743408203
synthetic,2025-08-22_rep00,2025-08-22,summer,GWO,1,4.825108127783585,0.12801790237426758
synthetic,2025-08-22_rep00,2025-08-22,summer,Hybrid,0,6.100118432156742,0.07102346420288086
synthetic,2025-08-22_rep00,2025-08-22,summer,Hybrid,1,7.187637749661138,0.07071352005004883
synthetic,2025-09-01_rep00,2025-09-01,cloudy,GA (P=50),0,9.707263415069367,0.08501744270324707
synthetic,2025-09-01_rep00,2025-09-01,cloudy,GA (P=50),1,8.583582227591936,0.08449101448059082
synthetic,2025-09-01_rep00,2025-09-01,cloudy,GA (P=100),0,8.071740961616745,0.16614866256713867
synthetic,2025-09-01_rep00,2025-09-01,cloudy,GA (P=100),1,8.116382871412487,0.1662435531616211
synthetic,2025-09-01_rep00,2025-09-01,cloudy,PSO,0,12.121467086328641,0.05928397178649902
synthetic,2025-09-01_rep00,2025-09-01,cloudy,PSO,1,17.17346181089962,0.05867767333984375
synthetic,2025-09-01_rep00,2025-09-01,cloudy,GWO,0,10.125416895822037,0.12745928764343262
synthetic,2025-09-01_rep00,2025-09-01,cloudy,GWO,1,12.113232865837434,0.12801480293273926
synthetic,2025-09-01_rep00,2025-09-01,cloudy,Hybrid,0,11.673656826423144,0.07126092910766602
synthetic,2025-09-01_rep00,2025-09-01,cloudy,Hybrid,1,11.120521287175345,0.07104992866516113
synthetic,2025-09-25_rep00,2025-09-25,cloudy,GA (P=50),0,9.056843971870425,0.08451581001281738
synthetic,2025-09-25_rep00,2025-09-25,cloudy,GA (P=50),1,7.66226696686337,0.08419513702392578
synthetic,2025-09-25_rep00,2025-09-25,cloudy,GA (P=100),0,7.148943986110586,0.16688251495361328
synthetic,2025-09-25_rep00,2025-09-25,cloudy,GA (P=100),1,7.247159286449063,0.16754555702209473
synthetic,2025-09-25_rep00,2025-09-25,cloudy,PSO,0,10.425821026239557,0.05933523178100586
synthetic,2025-09-25_rep00,2025-09-25,cloudy,PSO,1,9.086576231457068,0.058686256408691406
synthetic,2025-09-25_rep00,2025-09-25,cloudy,GWO,0,7.68922477344684,0.12782073020935059
synthetic,2025-09-25_rep00,2025-09-25,cloudy,GWO,1,8.027216688107565,0.12763357162475586
synthetic,2025-09-25_rep00,2025-09-25,cloudy,Hybrid,0,9.788428268449406,0.07207107543945312
synthetic,2025-09-25_rep00,2025-09-25,cloudy,Hybrid,1,10.968081294780799,0.0715489387512207
synthetic,2025-11-02_rep00,2025-11-02,cloudy,GA (P=50),0,7.1814599658682345,0.08522176742553711
synthetic,2025-11-02_rep00,2025-11-02,cloudy,GA (P=50),1,7.599782224139856,0.08490681648254395
synthetic,2025-11-02_rep00,2025-11-02,cloudy,GA (P=100),0,7.800026685316644,0.17052340507507324
synthetic,2025-11-02_rep00,2025-11-02,cloudy,GA (P=100),1,7.336131078522237,0.1683673858642578
synthetic,2025-11-02_rep00,2025-11-02,cloudy,PSO,0,11.183202572568078,0.05928802490234375
synthetic,2025-11-02_rep00,2025-11-02,cloudy,PSO,1,8.720108965894395,0.058931589126586914
synthetic,2025-11-02_rep00,2025-11-02,cloudy,GWO,0,7.5471037559724055,0.12790203094482422
synthetic,2025-11-02_rep00,2025-11-02,cloudy,GWO,1,6.968545805905213,0.12841343879699707
synthetic,2025-11-02_rep00,2025-11-02,cloudy,Hybrid,0,10.67472226318838,0.07096672058105469
synthetic,2025-11-02_rep00,2025-11-02,cloudy,Hybrid,1,9.69591917576998,0.07120394706726074
synthetic,2025-11-30_rep00,2025-11-30,cloudy,GA (P=50),0,6.25003663398177,0.08529162406921387
synthetic,2025-11-30_rep00,2025-11-30,cloudy,GA (P=50),1,6.5143663449488525,0.08585786819458008
synthetic,2025-11-30_rep00,2025-11-30,cloudy,GA (P=100),0,5.82102145924375,0.16908860206604004
synthetic,2025-11-30_rep00,2025-11-30,cloudy,GA (P=100),1,5.8535871765302145,0.16909146308898926
synthetic,2025-11-30_rep00,2025-11-30,cloudy,PSO,0,7.185315474426273,0.06065797805786133
synthetic,2025-11-30_rep00,2025-11-30,cloudy,PSO,1,9.627542685220243,0.06072425842285156
synthetic,2025-11-30_rep00,2025-11-30,cloudy,GWO,0,6.6788702433901115,0.13030743598937988
synthetic,2025-11-30_rep00,2025-11-30,cloudy,GWO,1,7.227224123020174,0.1304337978363037
synthetic,2025-11-30_rep00,2025-11-30,cloudy,Hybrid,0,9.354044305665388,0.07269787788391113
synthetic,2025-11-30_rep00,2025-11-30,cloudy,Hybrid,1,6.968869737594561,0.07295036315917969
synthetic,2025-12-24_rep00,2025-12-24,winter,GA (P=50),0,15.225331466741295,0.0860297679901123
synthetic,2025-12-24_rep00,2025-12-24,winter,GA (P=50),1,15.238137469430859,0.08552813529968262
synthetic,2025-12-24_rep00,2025-12-24,winter,GA (P=100),0,14.837815323494084,0.16855120658874512
synthetic,2025-12-24_rep00,2025-12-24,winter,GA (P=100),1,15.23401232900198,0.16775274276733398
synthetic,2025-12-24_rep00,2025-12-24,winter,PSO,0,16.290808507433542,0.0596926212310791
synthetic,2025-12-24_rep00,2025-12-24,winter,PSO,1,16.82080368951916,0.059410810470581055
synthetic,2025-12-24_rep00,2025-12-24,winter,GWO,0,15.212640590893477,0.13051176071166992
synthetic,2025-12-24_rep00,2025-12-24,winter,GWO,1,15.996714749902928,0.12920284271240234
synthetic,2025-12-24_rep00,2025-12-24,winter,Hybrid,0,16.50233466234196,0.07247424125671387
synthetic,2025-12-24_rep00,2025-12-24,winter,Hybrid,1,16.29021622897961,0.07231593132019043
synthetic,2025-12-27_rep00,2025-12-27,winter,GA (P=50),0,16.549756726031735,0.08616352081298828
synthetic,2025-12-27_rep00,2025-12-27,winter,GA (P=50),1,16.576125180475927,0.08585119247436523
synthetic,2025-12-27_rep00,2025-12-27,winter,GA (P=100),0,16.634550439830814,0.1691884994506836
synthetic,2025-12-27_rep00,2025-12-27,winter,GA (P=100),1,16.38636125018992,0.16782855987548828
synthetic,2025-12-27_rep00,2025-12-27,winter,PSO,0,18.23181014621653,0.06083369255065918
synthetic,2025-12-27_rep00,2025-12-27,winter,PSO,1,17.604036775041333,0.059702396392822266
synthetic,2025-12-27_rep00,2025-12-27,winter,GWO,0,17.25433722413128,0.12926125526428223
synthetic,2025-12-27_rep00,2025-12-27,winter,GWO,1,16.492169392349506,0.12929630279541016
synthetic,2025-12-27_rep00,2025-12-27,winter,Hybrid,0,16.788693936784124,0.07219862937927246
synthetic,2025-12-27_rep00,2025-12-27,winter,Hybrid,1,18.001047633314123,0.0723564624786377
